id,name1,name2,_._.,class,group,tablet,condition1,_____ - ______Ê,____Ê,39402359,noon,1,4,robot2,______Ê,____Ê,205483993,noon,1,1,robot3,_____Ê,__Ê,302651591,noon,1,3,robot4,___Ê,____Ê,200889210,noon,1,2,robot5,_____Ê,___Ê,203675244,noon,2,4,tablet6,_____Ê,__Ê,203037726,noon,2,1,tablet7,____Ê,____Ê,307843078,noon,2,2,tablet8,_____Ê,___Ê,308420553,noon,2,3,tablet9,________Ê,____Ê,303045462,noon,3,2,tablet10,______ _____Ê,__Ê,303123335,noon,3,1,tablet11,____Ê,__Ê,300866738,noon,3,4,tablet12,_____'____Ê,_____Ê,307635300,noon,3,3,tablet13,______Ê,_____Ê,301138186,noon,4,3,tablet14,_______Ê,____Ê,39451240,noon,4,4,tablet15,____Ê,__Ê,032408858,noon,4,2,tablet16,___Ê,____Ê,311353908,noon,5,3,tablet17,____ _________Ê,___ __Ê,021793955,noon,5,1,tablet18,____Ê,___Ê,37513694,noon,5,2,tablet19,__Ê,_____Ê,301813093,noon,5,4,tablet20,____Ê,____Ê,201317807,evening,11,4,robot21,____Ê,____Ê,301908018,evening,11,2,robot22,___Ê,____Ê,200640803,evening,11,5,robot23,___Ê,______Ê,203852140,evening,11,1,robot24,___Ê,__Ê,200304889,evening,11,3,robot25,_____Ê,_____Ê,305686404,evening,12,1,robot26,____,____Ê,200568939,evening,12,2,robot27,___,____Ê,200408292,evening,12,3,robot28,________Ê,____Ê,305063273,evening,12,4,robot29,____ ___Ê,____Ê,032352908,evening,13,2,robot30,____Ê,___Ê,13670997,evening,13,4,robot31,___Ê,____Ê,024429979,evening,13,3,robot32,_______ ___Ê,___Ê,028912905,evening,13,5,robot33,____ ______Ê,____Ê,021938477,evening,13,1,robot34,____Ê,____Ê,305293110,noon,20,,teacher35,_____Ê,____Ê,302999925,noon,20,,teacher36,____Ê,___Ê,066466152,noon,20,,teacher37,_______Ê,____Ê,302823141,noon,20,,teacher38,______,_____ ,055529564,noon,20,,teacher